[
  {
    "ServiceId": "SpeechService",
    "Description": null,
    "IsSession": false,
    "Interfaces": [],
    "Actions": [
      {
        "ActionId": "Say",
        "Description": "Say text",
        "Interface": null,
        "InputValues": [
          {
            "ParamType": "System.String, System.Private.CoreLib, Version=4.0.0.0, Culture=neutral, PublicKeyToken=7cec85d7bea7798e",
            "ParamTypeStr": null,
            "Param": "text",
            "ParamAttrs": null,
            "ParamTypeName": "string"
          }
        ]
      },
      {
        "ActionId": "SayHello",
        "Description": "Say Hello {Name}",
        "Interface": null,
        "InputValues": [
          {
            "ParamType": "System.String, System.Private.CoreLib, Version=4.0.0.0, Culture=neutral, PublicKeyToken=7cec85d7bea7798e",
            "ParamTypeStr": null,
            "Param": "name",
            "ParamAttrs": null,
            "ParamTypeName": "string"
          },
          {
            "ParamType": "System.Boolean, System.Private.CoreLib, Version=4.0.0.0, Culture=neutral, PublicKeyToken=7cec85d7bea7798e",
            "ParamTypeStr": null,
            "Param": "greeting",
            "ParamAttrs": null,
            "ParamTypeName": "bool"
          }
        ]
      }
    ],
    "Configs": []
  },
  {
    "ServiceId": "DictionaryService",
    "Description": null,
    "IsSession": true,
    "Interfaces": [],
    "Actions": [
      {
        "ActionId": "Memorize",
        "Description": "Memorize text",
        "Interface": null,
        "InputValues": [
          {
            "ParamType": "System.String, System.Private.CoreLib, Version=4.0.0.0, Culture=neutral, PublicKeyToken=7cec85d7bea7798e",
            "ParamTypeStr": null,
            "Param": "key",
            "ParamAttrs": null,
            "ParamTypeName": "string"
          },
          {
            "ParamType": "System.String, System.Private.CoreLib, Version=4.0.0.0, Culture=neutral, PublicKeyToken=7cec85d7bea7798e",
            "ParamTypeStr": null,
            "Param": "value",
            "ParamAttrs": null,
            "ParamTypeName": "string"
          }
        ]
      },
      {
        "ActionId": "GetMemo",
        "Description": "Get item from memory",
        "Interface": null,
        "InputValues": [
          {
            "ParamType": "System.String, System.Private.CoreLib, Version=4.0.0.0, Culture=neutral, PublicKeyToken=7cec85d7bea7798e",
            "ParamTypeStr": null,
            "Param": "key",
            "ParamAttrs": null,
            "ParamTypeName": "string"
          }
        ]
      },
      {
        "ActionId": "ClearMemo",
        "Description": "Clear memory",
        "Interface": null,
        "InputValues": []
      },
      {
        "ActionId": "LoadDataFromFile",
        "Description": "Load Data From File",
        "Interface": null,
        "InputValues": [
          {
            "ParamType": "System.String, System.Private.CoreLib, Version=4.0.0.0, Culture=neutral, PublicKeyToken=7cec85d7bea7798e",
            "ParamTypeStr": null,
            "Param": "fileName",
            "ParamAttrs": null,
            "ParamTypeName": "string"
          }
        ]
      },
      {
        "ActionId": "List",
        "Description": "List all items in dictionary",
        "Interface": null,
        "InputValues": []
      }
    ],
    "Configs": []
  }
]